fpr,tpr
0.0,0.0
5.619871866921434e-05,0.0023375409069658717
8.429807800382151e-05,0.005142589995324918
8.429807800382151e-05,0.008415147265077139
9.83477576711251e-05,0.009817671809256662
0.0001826458356749466,0.02431042543244507
0.00032314263234798247,0.06124357176250585
0.00032314263234798247,0.06264609630668537
0.0003933910306845004,0.06778868630201028
0.0012785208497246264,0.17484805984104723
0.0014752163650668766,0.19448340345956056
0.00148926604473418,0.19588592800374008
0.0015173654040687872,0.20149602618045817
0.001531415083736091,0.2028985507246377
0.0015876138024053053,0.20944366526414213
0.0016157131617399124,0.21224871435250117
0.0017843093177475555,0.22253389434315102
0.0019107564347532876,0.2370266479663394
0.0020091041924244126,0.25245441795231416
0.0020934022704282343,0.2557269752220664
0.0021215016297628413,0.2557269752220664
0.003147128245476003,0.3127629733520337
0.003161177925143307,0.3155680224403927
0.004158705181521861,0.3632538569424965
0.004327301337529505,0.36746143057503505
0.005100033719231202,0.4170172978027116
0.005128133078565808,0.4174848059841047
0.005282679554906148,0.42496493688639553
0.005423176351579184,0.434315100514259
0.005451275710913792,0.43525011687704535
0.005662020905923345,0.4413277232351566
0.005788468022929078,0.4492753623188406
0.005816567382263684,0.45021037868162694
0.006097560975609756,0.4595605423094904
0.0061397100146116665,0.4600280504908836
0.0070107901539844895,0.4890135577372604
0.007038889513319096,0.4890135577372604
0.0070529391929864,0.4890135577372604
0.007460379903338204,0.501168770453483
0.007502528942340114,0.501168770453483
0.007685174778015062,0.5053763440860215
0.008162863886703384,0.517531556802244
0.008205012925705295,0.5179990649836372
0.008387658761380241,0.5198690977092099
0.008500056198718669,0.525479195885928
0.009019894346408902,0.533426834969612
0.009427335056760706,0.53903693314633
0.009595931212768348,0.5418419822346892
0.010298415196133528,0.5493221131369799
0.010719905586152635,0.5539971949509116
0.012490165224232887,0.5787751285647499
0.0129257052939193,0.5829827021972884
0.01351579183994605,0.5867227676484339
0.013979431268967068,0.5928003740065451
0.014948859166011016,0.6049555867227676
0.015300101157693605,0.6086956521739131
0.015932336742722267,0.6175783076203833
0.016381926492075982,0.6203833567087425
0.016676969765089356,0.6213183730715287
0.016873665280431605,0.6241234221598878
0.017267056311116108,0.6306685366993923
0.018981117230527145,0.6451612903225806
0.019262110823873215,0.6484338475923329
0.01964145217489041,0.6521739130434783
0.020161290322580645,0.6535764375876578
0.02069517814993818,0.6559139784946236
0.022184444194672363,0.6661991584852734
0.022198493874339666,0.6666666666666666
0.022619984264358774,0.6685366993922394
0.02433404518376981,0.678354371201496
0.024994380128133077,0.6834969611968209
0.024994380128133077,0.6839644693782141
0.02523322468247724,0.6867695184665732
0.02523322468247724,0.6872370266479664
0.02597785770484433,0.6923796166432913
0.026834888164549847,0.6979897148200094
0.027720017983589973,0.7045348293595138
0.028225806451612902,0.707807386629266
0.02923738338765876,0.7152875175315568
0.029686973137012476,0.7180925666199158
0.03024896032370462,0.7223001402524544
0.031063841744408228,0.7297802711547452
0.03165392829043498,0.7311827956989247
0.03206136900078678,0.7330528284244975
0.03228616387546364,0.7353903693314633
0.033396088569180624,0.7419354838709677
0.03364898280319209,0.7442730247779337
0.035208497246262786,0.7540906965871903
0.035391143081937734,0.7550257129499767
0.03574238507362032,0.7564282374941561
0.03634652129931438,0.7592332865825152
0.03713330336068338,0.7625058438522674
0.03738619759469484,0.7643758765778401
0.03738619759469484,0.7648433847592333
0.037863886703383164,0.7671809256661991
0.039001910756434756,0.7704534829359514
0.039367202427784645,0.7737260402057036
0.039367202427784645,0.7741935483870968
0.039858941216140274,0.7760635811126695
0.040420928402832415,0.780271154745208
0.040800269753849615,0.7830762038335671
0.041882095088231985,0.788218793828892
0.04299201978194897,0.793361383824217
0.04341351017196808,0.7947639083683965
0.04366640440597954,0.7961664329125759
0.04411599415533326,0.7980364656381487
0.04509947173204451,0.8013090229079008
0.04604080026975385,0.80411407199626
0.04660278745644599,0.8064516129032258
0.04693997976846128,0.8078541374474053
0.04802180510284366,0.8092566619915849
0.048949083960885695,0.8129967274427302
0.04915982915589524,0.8153342683496961
0.05147802630100034,0.8265544647031323
0.05154827469933686,0.8265544647031323
0.05195571540968866,0.8302945301542777
0.05309373946274025,0.8316970546984572
0.05560863212318759,0.8368396446937821
0.05605822187254131,0.8368396446937821
0.056493761942227716,0.8387096774193549
0.05846071709565022,0.8438522674146798
0.05951444307069799,0.847124824684432
0.0599640328200517,0.8489948574100047
0.06215578284815106,0.855072463768116
0.062197931887152974,0.855072463768116
0.06297066426885467,0.8564749883122955
0.06343430369787569,0.857877512856475
0.06377149600989097,0.8597475455820477
0.06493761942227717,0.8630201028517999
0.06547150724963471,0.8630201028517999
0.06658143194335168,0.8644226273959794
0.06707317073170732,0.8644226273959794
0.0673963133640553,0.8644226273959794
0.06832359222209734,0.8653576437587658
0.06960211307182196,0.8662926601215521
0.0697566595481623,0.8662926601215521
0.07048724289086208,0.868630201028518
0.07196245925592896,0.8690977092099111
0.0721451050916039,0.8695652173913043
0.07235585028661347,0.8695652173913043
0.07253849612228841,0.8700327255726975
0.07300213555130942,0.8737727910238429
0.07315668202764977,0.874240299205236
0.07533438237608182,0.8826554464703132
0.07554512757109137,0.8826554464703132
0.07571372372709902,0.8826554464703132
0.07595256828144319,0.8826554464703132
0.077146791053164,0.8835904628330996
0.07806002023153873,0.884992987377279
0.07863605709789817,0.8859280037400654
0.07881870293357311,0.8859280037400654
0.07898729908958076,0.8863955119214586
0.07943688883893447,0.8877980364656382
0.07964763403394402,0.8887330528284245
0.07980218051028437,0.8887330528284245
0.07980218051028437,0.8892005610098177
0.08064516129032258,0.8901355773726041
0.08123524783634933,0.8901355773726041
0.08174103630437227,0.8915381019167835
0.08217657637405867,0.8915381019167835
0.08241542092840283,0.8920056100981767
0.08268236484208161,0.8920056100981767
0.08316005395076992,0.8924731182795699
0.08375014049679667,0.8929406264609631
0.08507081038552321,0.8943431510051426
0.08532370461953467,0.8948106591865358
0.08591379116556143,0.8966806919121084
0.08634933123524784,0.8966806919121084
0.08634933123524784,0.8971482000935016
0.08648982803192087,0.8976157082748948
0.08668652354726313,0.8976157082748948
0.08689726874227267,0.8976157082748948
0.08826008767000112,0.9027582982702197
0.08841463414634146,0.9036933146330061
0.08859727998201641,0.9041608228143992
0.08929976396538158,0.9046283309957924
0.0893419130043835,0.9046283309957924
0.08956670787906036,0.9046283309957924
0.08996009890974485,0.9064983637213652
0.09038158929976396,0.9079008882655446
0.09174440822749241,0.9079008882655446
0.09226424637518264,0.9083683964469378
0.09227829605484995,0.9083683964469378
0.09265763740586715,0.9083683964469378
0.09282623356187479,0.908835904628331
0.09336012138923233,0.908835904628331
0.09350061818590537,0.908835904628331
0.09498988423063955,0.908835904628331
0.09504608294930876,0.908835904628331
0.09535517590198943,0.9097709209911173
0.09549567269866246,0.9097709209911173
0.0956221198156682,0.9097709209911173
0.09566426885467011,0.9097709209911173
0.09638080251770259,0.9102384291725105
0.09645105091603912,0.9102384291725105
0.09670394515005058,0.9102384291725105
0.09687254130605823,0.9102384291725105
0.09697088906372935,0.9102384291725105
0.0971675845790716,0.9107059373539037
0.09743452849275036,0.9107059373539037
0.09749072721141958,0.9107059373539037
0.09777172080476565,0.9107059373539037
0.09802461503877712,0.9107059373539037
0.099499831403844,0.9116409537166901
0.09973867595818815,0.9121084618980833
0.10000561987186692,0.9125759700794764
0.10037091154321681,0.9125759700794764
0.10051140833988985,0.9130434782608695
0.10052545801955716,0.9130434782608695
0.1006940541755648,0.9135109864422627
0.10094694840957626,0.9135109864422627
0.10094694840957626,0.9139784946236559
0.1011014948859166,0.9139784946236559
0.10163538271327413,0.9144460028050491
0.10166348207260874,0.9144460028050491
0.1018742272676183,0.9149135109864422
0.1018882769472856,0.9149135109864422
0.10339159267168709,0.916783543712015
0.10406597729571766,0.916783543712015
0.10409407665505227,0.916783543712015
0.10413622569405417,0.9172510518934082
0.10419242441272339,0.9172510518934082
0.10481061031808475,0.9177185600748013
0.10488085871642126,0.9177185600748013
0.10548499494211531,0.9177185600748013
0.10606103180847477,0.9181860682561945
0.10731145329886478,0.9200561009817672
0.10783129144655502,0.9205236091631603
0.10818253343823761,0.9209911173445535
0.10873047094526245,0.9214586255259467
0.1089552658199393,0.9219261337073399
0.10923625941328538,0.9219261337073399
0.10975609756097561,0.9223936418887331
0.10995279307631786,0.9223936418887331
0.11007924019332359,0.9223936418887331
0.11079577385635607,0.9242636746143057
0.11082387321569068,0.9242636746143057
0.11088007193435989,0.9242636746143057
0.11100651905136563,0.9242636746143057
0.11148420816005396,0.9242636746143057
0.11148420816005396,0.9247311827956989
0.1116949533550635,0.9247311827956989
0.11189164887040576,0.9251986909770921
0.11260818253343824,0.9256661991584852
0.11274867933011128,0.9256661991584852
0.1132263684387996,0.9256661991584852
0.11325446779813421,0.9256661991584852
0.11544621782623356,0.927536231884058
0.11546026750590087,0.927536231884058
0.11579745981791616,0.927536231884058
0.11605035405192761,0.927536231884058
0.11664044059795436,0.9284712482468443
0.11894458806339216,0.9294062646096307
0.11967517140609193,0.9294062646096307
0.11967517140609193,0.9298737727910238
0.12037765538945712,0.930341280972417
0.12077104642014162,0.930341280972417
0.12102394065415309,0.930341280972417
0.12161402720017983,0.930341280972417
0.121852871754524,0.930341280972417
0.1218669214341913,0.930341280972417
0.12217601438687198,0.9308087891538102
0.12280824997190064,0.9308087891538102
0.12338428683826008,0.9317438055165965
0.1246347083286501,0.9322113136979897
0.12700910419242442,0.9340813464235624
0.12726199842643587,0.9340813464235624
0.12758514105878385,0.9340813464235624
0.12759919073845116,0.9340813464235624
0.12821737664381253,0.9340813464235624
0.12823142632347984,0.9340813464235624
0.12876531415083736,0.9340813464235624
0.1301000337192312,0.9340813464235624
0.1324322805440036,0.9354838709677419
0.1340339440260762,0.9359513791491351
0.135228166797797,0.9359513791491351
0.13569180622681803,0.9359513791491351
0.13609924693716982,0.9359513791491351
0.13625379341351018,0.9359513791491351
0.13699842643587726,0.938288920056101
0.1371810722715522,0.938288920056101
0.13734966842755986,0.938288920056101
0.13761661234123862,0.938288920056101
0.13802405305159043,0.938288920056101
0.13813645048892886,0.938288920056101
0.1383331460042711,0.938288920056101
0.13858604023828255,0.938288920056101
0.1387686860739575,0.9387564282374942
0.13890918287063056,0.9387564282374942
0.1390777790266382,0.9387564282374942
0.13971001461166685,0.9387564282374942
0.1402579521186917,0.9387564282374942
0.14098853546139148,0.9387564282374942
0.14129762841407215,0.9396914446002805
0.14174721816342586,0.9406264609630669
0.1426042486231314,0.9406264609630669
0.1426604473418006,0.94109396914446
0.14514724064291334,0.9438990182328191
0.14624311565696302,0.9438990182328191
0.14635551309430145,0.9438990182328191
0.1466224570079802,0.9443665264142123
0.14663650668764752,0.9443665264142123
0.14718444419467236,0.9443665264142123
0.14752163650668765,0.9443665264142123
0.1477885804203664,0.9443665264142123
0.14780263010003372,0.9443665264142123
0.14792907721703946,0.9443665264142123
0.14861751152073732,0.9443665264142123
0.14901090255142183,0.9443665264142123
0.14961503877711588,0.9443665264142123
0.15000842980780038,0.9443665264142123
0.1500224794874677,0.9443665264142123
0.1505142182758233,0.9443665264142123
0.15052826795549062,0.9443665264142123
0.15109025514218274,0.9443665264142123
0.15144149713386534,0.9443665264142123
0.1535770484432955,0.9448340345956054
0.15423738338765877,0.9448340345956054
0.15449027762167022,0.9448340345956054
0.15492581769135663,0.9448340345956054
0.1555018545577161,0.9448340345956054
0.15568450039339102,0.9448340345956054
0.15613409014274474,0.9453015427769986
0.1563448353377543,0.9453015427769986
0.15661177925143308,0.946236559139785
0.157117567719456,0.9467040673211781
0.15759525682814432,0.9467040673211781
0.15821344273350568,0.9467040673211781
0.1583398898505114,0.9471715755025713
0.15887377767786895,0.9476390836839644
0.15928121838822074,0.9476390836839644
0.15963246037990333,0.9476390836839644
0.16005395076992246,0.9476390836839644
0.1606018882769473,0.9481065918653576
0.16091098122962796,0.9481065918653576
0.16159941553332585,0.949041608228144
0.1618804091266719,0.949041608228144
0.1621473530403507,0.949041608228144
0.16238619759469483,0.949041608228144
0.16272338990671012,0.9495091164095372
0.16467629538046533,0.9495091164095372
0.16515398448915364,0.9499766245909304
0.16549117680116893,0.9499766245909304
0.16622176014386872,0.9499766245909304
0.16643250533887827,0.9499766245909304
0.16665730021355513,0.9499766245909304
0.16682589636956277,0.9499766245909304
0.1681887152972912,0.9509116409537167
0.17002922333370799,0.9513791491351099
0.17066145891873666,0.9518466573165031
0.1709143531527481,0.9527816736792893
0.1712093964257615,0.9532491818606825
0.17142014162077104,0.9541841982234689
0.1731904012588513,0.9541841982234689
0.17342924581319547,0.9541841982234689
0.17394908396088568,0.9541841982234689
0.17581769135663708,0.9541841982234689
0.17723670900303473,0.9565217391304348
0.17758795099471733,0.9565217391304348
0.17803754074407105,0.9565217391304348
0.17975160166348209,0.9574567554932212
0.179934247499157,0.9574567554932212
0.1803135888501742,0.9574567554932212
0.18081937731819714,0.9574567554932212
0.18201360008991796,0.9583917718560074
0.18393840620433854,0.9583917718560074
0.18428964819602114,0.9583917718560074
0.18625660334944363,0.9583917718560074
0.18815331010452963,0.9583917718560074
0.18837810497920648,0.9583917718560074
0.18943183095425425,0.9593267882187938
0.19117399123299988,0.959794296400187
0.1931268967067551,0.959794296400187
0.1951360008991795,0.9602618045815802
0.19651286950657526,0.9625993454885461
0.19845172530066316,0.9625993454885461
0.19876081825334382,0.9625993454885461
0.2005872766100933,0.9630668536699393
0.20095256828144317,0.9630668536699393
0.2014583567494661,0.9630668536699393
0.20317241766887714,0.9630668536699393
0.20365010677756548,0.9630668536699393
0.20523772057997078,0.9630668536699393
0.20596830392267057,0.9630668536699393
0.20634764527368776,0.9630668536699393
0.20816005395076992,0.9630668536699393
0.20980386647184443,0.9635343618513323
0.21011295942452513,0.9635343618513323
0.2104642014162077,0.9635343618513323
0.21101213892323256,0.9635343618513323
0.21150387771158818,0.9635343618513323
0.21200966617961112,0.9640018700327255
0.2124171068899629,0.9644693782141187
0.21283859727998203,0.9644693782141187
0.21335843542767224,0.9644693782141187
0.21385017421602787,0.9644693782141187
0.21438406204338542,0.9649368863955119
0.21488985051140835,0.9649368863955119
0.21539563897943126,0.9654043945769051
0.2158733280881196,0.9654043945769051
0.21637911655614253,0.9654043945769051
0.2166601101494886,0.9658719027582983
0.21722209733618073,0.9663394109396914
0.21779813420254018,0.9663394109396914
0.2182898729908958,0.9668069191210846
0.218669214341913,0.9668069191210846
0.22072046757333932,0.9672744273024778
0.2214089018770372,0.9672744273024778
0.22195683938406205,0.9682094436652642
0.22243452849275036,0.9682094436652642
0.22296841632010792,0.9682094436652642
0.22353040350680004,0.9682094436652642
0.22396594357648644,0.9696119682094436
0.22442958300550747,0.9696119682094436
0.22486512307519388,0.9696119682094436
0.2252725637855457,0.9696119682094436
0.22586265033157243,0.9696119682094436
0.22636843879959537,0.9700794763908368
0.22818084747667752,0.9710144927536232
0.22992300775542318,0.9710144927536232
0.2304147465437788,0.9710144927536232
0.23096268405080364,0.9710144927536232
0.23250814881420703,0.9710144927536232
0.2330841856805665,0.9710144927536232
0.23486849499831403,0.9714820009350164
0.23531808474766774,0.9714820009350164
0.2370602450264134,0.9714820009350164
0.2375238844554344,0.9719495091164095
0.23802967292345734,0.9724170172978027
0.2386197594694841,0.9724170172978027
0.23925199505451275,0.9733520336605891
0.2398139822412049,0.9738195418419823
0.24046026750590085,0.9738195418419823
0.2409941553332584,0.9738195418419823
0.2417106889962909,0.9738195418419823
0.2421743284253119,0.9738195418419823
0.24284871304934247,0.9738195418419823
0.24345284927503652,0.9738195418419823
0.24425368101607284,0.9738195418419823
0.24470327076542656,0.9738195418419823
0.24591154321681466,0.9738195418419823
0.24655782848151062,0.9738195418419823
0.2471900640665393,0.9738195418419823
0.2480189951669102,0.9738195418419823
0.24860908171293694,0.9738195418419823
0.24936776441497133,0.9738195418419823
0.2500140496796673,0.9738195418419823
0.25101157693604587,0.9738195418419823
0.2516157131617399,0.9738195418419823
0.253470270877824,0.9738195418419823
0.2552124311565696,0.9747545582047685
0.2559289648196021,0.9747545582047685
0.25719343598965944,0.9747545582047685
0.25851410587838597,0.9747545582047685
0.2610851972575025,0.9747545582047685
0.263375295043273,0.9747545582047685
0.2643728222996516,0.9747545582047685
0.2656513431493762,0.9747545582047685
0.26702821175677194,0.9747545582047685
0.26819433516915814,0.9752220663861617
0.26931830954254243,0.9752220663861617
0.2704984826345959,0.9752220663861617
0.27181915252332245,0.9752220663861617
0.27323817016972013,0.9752220663861617
0.27517702596380805,0.9752220663861617
0.2777762167022592,0.9752220663861617
0.2789844891536473,0.9752220663861617
0.2813869843767562,0.9752220663861617
0.2824126109924694,0.9752220663861617
0.28360683376419016,0.9752220663861617
0.284618410700236,0.9752220663861617
0.28577048443295494,0.9752220663861617
0.28718950207935257,0.9752220663861617
0.28855232100708106,0.9752220663861617
0.28969034506013264,0.9752220663861617
0.29081431943351693,0.9752220663861617
0.29220523772058,0.9752220663861617
0.2934978082499719,0.9752220663861617
0.29484657749803306,0.9752220663861617
0.2967854332921209,0.9752220663861617
0.2985837922895358,0.9756895745675549
0.3002838035292795,0.9756895745675549
0.30189951669101944,0.9756895745675549
0.3037540744071035,0.9756895745675549
0.3057069798808587,0.9756895745675549
0.3076317859952793,0.9756895745675549
0.3094582443520288,0.9756895745675549
0.31131280206811285,0.9756895745675549
0.313125210745195,0.9756895745675549
0.31332190626053724,0.9756895745675549
0.3135748004945487,0.9756895745675549
0.3160896931549961,0.9756895745675549
0.316131842193998,0.9761570827489481
0.3184640890187704,0.9761570827489481
0.32097898167921773,0.9761570827489481
0.3232690794649882,0.9761570827489481
0.32540463077441834,0.9761570827489481
0.3256294256490952,0.9761570827489481
0.32813026862987527,0.9761570827489481
0.32814431830954255,0.9761570827489481
0.33039226705631114,0.9761570827489481
0.33279476227942,0.9761570827489481
0.33547825109587504,0.9761570827489481
0.33789479599865124,0.9761570827489481
0.3400865460267506,0.9761570827489481
0.3401286950657525,0.9761570827489481
0.342882432280544,0.9761570827489481
0.3451163313476453,0.9761570827489481
0.34772957176576375,0.9761570827489481
0.35052545801955715,0.9761570827489481
0.35264695964931997,0.9766245909303413
0.35523210070810385,0.9766245909303413
0.3574940991345397,0.9770920991117344
0.35985444531864674,0.9770920991117344
0.3602478363493312,0.9770920991117344
0.3605850286613465,0.9770920991117344
0.3607536248173542,0.9770920991117344
0.3611751152073733,0.9770920991117344
0.3613437113633809,0.9770920991117344
0.3617371023940654,0.9770920991117344
0.3617933011127346,0.9770920991117344
0.3621585927840845,0.9775596072931276
0.36277677868944586,0.9775596072931276
0.36301562324379005,0.9775596072931276
0.36335281555580534,0.9775596072931276
0.36346521299314377,0.9775596072931276
0.36376025626615716,0.9775596072931276
0.3645329886478588,0.9775596072931276
0.36515117455322016,0.9775596072931276
0.3652073732718894,0.9775596072931276
0.3660925030909295,0.9775596072931276
0.3667668877149601,0.9775596072931276
0.3670759806676408,0.9775596072931276
0.36710408002697537,0.9775596072931276
0.3671743284253119,0.9775596072931276
0.36784871304934247,0.9775596072931276
0.36814375632235585,0.9775596072931276
0.3687197931887153,0.9775596072931276
0.36922558165673824,0.9775596072931276
0.36928178037540743,0.9775596072931276
0.36939417781274586,0.9775596072931276
0.36956277396875353,0.9775596072931276
0.36981566820276496,0.9775596072931276
0.36985781724176686,0.9780271154745208
0.37051815218613016,0.978494623655914
0.37056030122513206,0.978494623655914
0.3710379903338204,0.978494623655914
0.3717826233561875,0.9789621318373072
0.3722322131055412,0.9789621318373072
0.37249915701922,0.9789621318373072
0.3725413060582219,0.9794296400187004
0.3727942002922333,0.9794296400187004
0.3734123861975947,0.9794296400187004
0.3738760256266157,0.9794296400187004
0.3741991682589637,0.9794296400187004
0.3749719006406654,0.9794296400187004
0.3751685961560076,0.9808321645628798
0.37530909295268067,0.9808321645628798
0.3753933910306845,0.9808321645628798
0.37559008654602677,0.9808321645628798
0.37564628526469596,0.981299672744273
0.37568843430369786,0.9817671809256662
0.3759132291783747,0.9817671809256662
0.3761239743733843,0.9817671809256662
0.3761661234123862,0.9817671809256662
0.376573564122738,0.9817671809256662
0.37678430931774753,0.9817671809256662
0.37721984938743397,0.9817671809256662
0.3777537372147915,0.9817671809256662
0.37823142632347984,0.9817671809256662
0.37825952568281446,0.9817671809256662
0.3784843205574913,0.9817671809256662
0.37872316511183546,0.9817671809256662
0.38032482859390804,0.9817671809256662
0.3803388782735754,0.9817671809256662
0.3810835112959425,0.9817671809256662
0.38251657862200744,0.9817671809256662
0.3832893110037091,0.9817671809256662
0.3839636956277397,0.9817671809256662
0.38414634146341464,0.9817671809256662
0.38493312352478365,0.9817671809256662
0.3850033719231202,0.9817671809256662
0.3856356075081488,0.9817671809256662
0.3858323030234911,0.9817671809256662
0.3864504889288524,0.9817671809256662
0.3864926379678543,0.9817671809256662
0.38685792963920423,0.9817671809256662
0.3873356187478926,0.9817671809256662
0.38777115881757895,0.9817671809256662
0.38815050016859615,0.9817671809256662
0.38817859952793077,0.9817671809256662
0.3884033944026076,0.9817671809256662
0.38978026301000335,0.9817671809256662
0.39042654827469936,0.9817671809256662
0.3906372934697089,0.9817671809256662
0.39090423738338764,0.9817671809256662
0.3912133303360683,0.9817671809256662
0.3913678768124087,0.9817671809256662
0.39156457232775094,0.9817671809256662
0.39167696976508937,0.9817671809256662
0.391705069124424,0.9817671809256662
0.39211250983477575,0.9817671809256662
0.39249185118579294,0.9817671809256662
0.3925340002247949,0.9817671809256662
0.3934050803641677,0.9817671809256662
0.3942480611442059,0.9817671809256662
0.3942902101832078,0.9817671809256662
0.39436045858154434,0.9817671809256662
0.3943745082612116,0.9817671809256662
0.3945712037765539,0.9817671809256662
0.39473979993256153,0.9817671809256662
0.39502079352590763,0.9817671809256662
0.3953579858379229,0.9817671809256662
0.3957232775092728,0.9817671809256662
0.396425761492638,0.9817671809256662
0.3965381589299764,0.9817671809256662
0.3967489041249859,0.9817671809256662
0.396889400921659,0.9822346891070594
0.39746543778801846,0.9822346891070594
0.39769023266269526,0.9822346891070594
0.39798527593570865,0.9822346891070594
0.39840676632572775,0.9822346891070594
0.3986315612004046,0.9822346891070594
0.39901090255142185,0.9822346891070594
0.4038720917163089,0.9822346891070594
0.4040406878723165,0.9822346891070594
0.40443407890300104,0.9822346891070594
0.4050382151286951,0.9822346891070594
0.40582499719006404,0.9822346891070594
0.41355232100708106,0.9822346891070594
0.4139597617174328,0.9822346891070594
0.41397381139710016,0.9822346891070594
0.4146762953804653,0.9822346891070594
0.41518208384848826,0.9822346891070594
0.4153225806451613,0.9822346891070594
0.4154911768011689,0.9822346891070594
0.4161234123861976,0.9822346891070594
0.4164887040575475,0.9822346891070594
0.41674159829155893,0.9822346891070594
0.4170366415645723,0.9822346891070594
0.4173738338765876,0.9822346891070594
0.41740193323592223,0.9822346891070594
0.41780937394627404,0.9822346891070594
0.4182449140159604,0.9822346891070594
0.41865235472631224,0.9822346891070594
0.41942508710801396,0.9822346891070594
0.4200573226930426,0.9822346891070594
0.4207036079577386,0.9822346891070594
0.4208300550747443,0.9822346891070594
0.4223755198381477,0.9822346891070594
0.4228672586265033,0.9822346891070594
0.4232887490165224,0.9822346891070594
0.4259581881533101,0.9822346891070594
0.42626728110599077,0.9822346891070594
0.42652017534000225,0.9822346891070594
0.42694166573002135,0.9822346891070594
0.42734910644037316,0.9822346891070594
0.42755985163538274,0.9822346891070594
0.43035573788917614,0.9822346891070594
0.430580532763853,0.9822346891070594
0.433081375744633,0.9822346891070594
0.43317972350230416,0.9822346891070594
0.43396650556367317,0.9822346891070594
0.43431774755535574,0.9836372136512389
0.43448634371136335,0.9836372136512389
0.4349218837810498,0.9836372136512389
0.43509047993705746,0.9836372136512389
0.43551197032707656,0.9836372136512389
0.43552602000674384,0.9836372136512389
0.4368888389344723,0.9836372136512389
0.4377458693941778,0.9836372136512389
0.438588850174216,0.9836372136512389
0.43938968191525235,0.9836372136512389
0.4396706755085984,0.9836372136512389
0.43990952006294254,0.9836372136512389
0.44076655052264807,0.9836372136512389
0.4415814319433517,0.9836372136512389
0.44182027649769584,0.9836372136512389
0.44259300887939756,0.9836372136512389
0.4427897043947398,0.9836372136512389
0.4428740024727436,0.9836372136512389
0.44309879734742047,0.9836372136512389
0.4596493199955041,0.9841047218326321
0.4597195683938406,0.9841047218326321
0.47226593233674274,0.9855072463768116
0.4726171743284253,0.9855072463768116
0.47622794200292234,0.9855072463768116
0.47656513431493763,0.9855072463768116
0.47676182983027987,0.9855072463768116
0.47714117118129706,0.9855072463768116
0.47747836349331235,0.9855072463768116
0.47834944363268517,0.9855072463768116
0.4785461391480274,0.9855072463768116
0.47930482185006185,0.9855072463768116
0.47972631224008094,0.9855072463768116
0.4800213555130943,0.9859747545582047
0.480330448465775,0.9859747545582047
0.4953776553894571,0.9869097709209911
0.4961644374508261,0.9869097709209911
0.49634708328650107,0.9869097709209911
0.4971338653478701,0.9869097709209911
0.4976818028548949,0.9869097709209911
0.4981173429245813,0.9869097709209911
0.5021496009890974,0.9869097709209911
0.5029504327301337,0.9869097709209911
0.5036810160728336,0.9869097709209911
0.5042430032595256,0.9869097709209911
0.5056760705855906,0.9869097709209911
0.5063223558502866,0.9869097709209911
0.5065892997639654,0.9869097709209911
0.506940541755648,0.9869097709209911
0.5072215353489941,0.9869097709209911
0.5081628638867034,0.9873772791023843
0.5084719568393841,0.9873772791023843
0.509764527368776,0.9873772791023843
0.5105934584691469,0.9873772791023843
0.5108744520624929,0.9873772791023843
0.5118157806002023,0.9878447872837774
0.5124901652242329,0.9878447872837774
0.5127009104192425,0.9878447872837774
0.5151174553220187,0.9878447872837774
0.5153141508373609,0.9878447872837774
0.5164100258514106,0.9878447872837774
0.5167472181634258,0.9878447872837774
0.5173232550297853,0.9878447872837774
0.5190513656288637,0.9887798036465638
0.5269472856018883,0.9887798036465638
0.5275233224682477,0.9887798036465638
0.5277340676632573,0.9887798036465638
0.5283101045296167,0.9887798036465638
0.5290828369113184,0.9887798036465638
0.5298696189726875,0.9887798036465638
0.530544003596718,0.9887798036465638
0.5313588850174216,0.9887798036465638
0.5313869843767562,0.9887798036465638
0.5316960773294369,0.9887798036465638
0.5332696414521749,0.9887798036465638
0.534941553332584,0.9887798036465638
0.5352225469259301,0.9887798036465638
0.535405192761605,0.9887798036465638
0.5358547825109587,0.9887798036465638
0.5360093289872991,0.9887798036465638
0.5361498257839721,0.9887798036465638
0.5364729684163201,0.9887798036465638
0.5367820613690008,0.9887798036465638
0.5501854557716084,0.9887798036465638
0.5508317410363044,0.9887798036465638
0.5512391817466562,0.9887798036465638
0.5598656850623805,0.989247311827957
0.5602450264133978,0.989247311827957
0.5616921434191301,0.989247311827957
0.5697988085871643,0.989247311827957
0.5705153422501967,0.989247311827957
0.5710351803978869,0.989247311827957
0.5715269191862425,0.989247311827957
0.5741682589636956,0.989247311827957
0.5753484320557491,0.9897148200093502
0.5761071147577835,0.9897148200093502
0.5811649994380128,0.9906498363721365
0.60926435877262,0.9911173445535297
0.6096998988423064,0.9911173445535297
0.6112594132853771,0.9911173445535297
0.6155164662245701,0.9911173445535297
0.6169214341913004,0.9911173445535297
0.625786782061369,0.992052360916316
0.6302545801955716,0.992052360916316
0.6324603799033383,0.992052360916316
0.6377430594582444,0.9925198690977092
0.6387967854332921,0.9925198690977092
0.645779476227942,0.9925198690977092
0.6558530965493987,0.9929873772791024
0.6627093402270429,0.9929873772791024
1.0,1.0
